eighth@gmail.com - Eighth - Student;
fifth@gmail.com - Fifth - Student;
first@gmail.com - First - Student;
fource@gmail.com - Fourth - Student;
ninth@gmail.com - Ninth - Student;
second@gmail.com - Second - Student;
seventh@gmail.com - Seventh - Student;
sixth@gmail.com - Sixth - Student;
tenth@gmail.com - Tenth - Student;
third@gmail.com - Third - Student;
